g1,g2,studytime,failures,absences,predicted_G3
12,13,2,0,4,12.86176556002495
15,16,3,1,2,15.628468348158894
10,11,1,2,6,9.85170279127618
18,17,4,0,1,17.386811166630213
8,9,2,3,8,7.154991762584441
